"number","disease_id","name_zh","name_en","hosts","care_days","untreated_speed","worsening_risk","acute_damage","followup_days","protection_days","contact_risk","observed_min_days","observed_max_days","max_medicine","normal_150d_min_health","harsh_150d_min_health","harsh_150d_resupply_credits"
"1","disease_1","灰尘热","Dust Fever","HUMAN/B07/PET/MONSTER","4","0.6","0.08","1","2","4","0","4","4","3","93","93","0"
"2","disease_2","冷舱咳","Cold-Chamber Cough","HUMAN/B07/PET/MONSTER/NPC","5","0.65","0.07","1","3","4","0","5","5","6","93","93","0"
"3","disease_3","蓝肺综合征","Blue Lung Syndrome","HUMAN/B07/MONSTER","12","0.25","0.14","2","7","8","0","11","12","9","93","93","30"
"4","disease_4","湿雾感染","Damp-Mist Infection","HUMAN/B07/PET/MONSTER/NPC","7","0.45","0.12","1","4","10","0.035","9","10","9","93","93","0"
"5","disease_5","夜咳症","Night Cough","HUMAN/B07/PET/MONSTER/NPC","6","0.55","0.08","1","3","5","0","6","6","6","93","93","0"
"6","disease_6","铁尘炎","Iron-Dust Irritation","HUMAN/B07/PET/MONSTER/NPC","9","0.35","0.12","2","5","7","0","9","9","9","93","93","0"
"7","disease_7","灰潮呼吸反应","Grey-Tide Respiratory Reaction","HUMAN/B07/MONSTER","14","0.2","0.18","3","7","12","0","13","15","12","93","93","0"
"8","disease_8","密闭舱热","Cabin Fever Infection","HUMAN/B07/PET/MONSTER/NPC","4","0.7","0.06","1","2","3","0","4","4","3","93","93","0"
"9","disease_9","冻风肺","Frostwind Lung","HUMAN/B07/PET/MONSTER/NPC","10","0.35","0.12","2","5","7","0","10","11","9","93","93","0"
"10","disease_10","炉灰咳","Furnace Cough","HUMAN/B07/PET/MONSTER/NPC","5","0.6","0.07","1","3","5","0","5","5","6","93","93","0"
"11","disease_11","黑霉热","Black Mold Fever","HUMAN/B07/PET/MONSTER/NPC","11","0.3","0.14","2","6","12","0.025","12","14","12","93","93","0"
"12","disease_12","温室孢子反应","Greenhouse Spore Reaction","HUMAN/B07/PET/MONSTER/NPC","5","0.65","0.08","1","3","5","0","5","5","6","93","93","0"
"13","disease_13","灰喉","Grey Throat","HUMAN/B07/PET/MONSTER/NPC","8","0.4","0.13","2","4","12","0.045","10","12","9","93","93","30"
"14","disease_14","冷凝感染","Condensation Infection","HUMAN/B07/PET/MONSTER/NPC","7","0.45","0.1","1","4","9","0.03","9","10","9","93","93","0"
"15","disease_15","荒原流感","Wasteland Flu","HUMAN/B07/PET/MONSTER/NPC","8","0.5","0.11","1","4","14","0.05","10","11","9","93","93","0"
"16","disease_16","罐头胃","Canned Gut","HUMAN/B07/PET/MONSTER/NPC","3","0.75","0.06","1","2","3","0","3","3","3","93","93","0"
"17","disease_17","腐食反应","Spoiled-Food Reaction","HUMAN/B07/PET/MONSTER/NPC","5","0.45","0.14","2","3","5","0","5","6","6","93","93","0"
"18","disease_18","盐负荷","Salt Overload","HUMAN/B07/PET/MONSTER/NPC","4","0.5","0.1","1","2","4","0","4","5","6","93","93","0"
"19","disease_19","苦根不耐","Bitterroot Intolerance","HUMAN/B07/PET/MONSTER/NPC","3","0.8","0.04","1","2","3","0","3","4","3","93","93","0"
"20","disease_20","灰瓜反应","Grey Melon Reaction","HUMAN/B07/PET/MONSTER/NPC","7","0.4","0.13","2","4","7","0","7","8","6","93","93","0"
"21","disease_21","菌类失衡","Fungal Gut Imbalance","HUMAN/B07/PET/MONSTER/NPC","6","0.45","0.11","1","3","6","0","6","8","6","93","93","0"
"22","disease_22","生物胶不耐","Bio-Gel Intolerance","B07/MONSTER","5","0.55","0.08","1","3","5","0","5","6","6","93","93","0"
"23","disease_23","肉食失衡","Carnivore Imbalance","PET/MONSTER","6","0.5","0.09","1","3","5","0","6","7","6","93","93","0"
"24","disease_24","草食失衡","Herbivore Imbalance","PET/MONSTER","6","0.55","0.08","1","3","5","0","6","6","6","93","93","0"
"25","disease_25","糖果热","Sugar Rush Syndrome","HUMAN/B07/PET/MONSTER/NPC","3","0.85","0.04","1","1","2","0","3","3","3","93","93","0"
"26","disease_26","脱水综合征","Dry Gut","HUMAN/B07/PET/MONSTER/NPC","5","0.2","0.2","3","4","4","0","5","5","6","93","93","0"
"27","disease_27","高蛋白负荷","Protein Overload","HUMAN/B07/PET/MONSTER/NPC","5","0.6","0.07","1","2","4","0","5","5","6","93","93","0"
"28","disease_28","食物恐惧","Food Aversion","HUMAN/B07/PET/MONSTER/NPC","10","0.3","0.08","1","5","8","0","10","13","12","93","93","0"
"29","disease_29","胃部应激","Stress Gut","HUMAN/B07/PET/MONSTER/NPC","7","0.5","0.08","1","3","6","0","7","8","6","93","93","0"
"30","disease_30","旅行恶心","Motion Sickness","HUMAN/B07/PET/MONSTER/NPC","3","0.9","0.03","1","1","2","0","3","3","3","93","93","0"
"31","disease_31","酸雨灼伤","Acid-Rain Dermatitis","HUMAN/B07/PET/MONSTER/NPC","8","0.4","0.13","2","5","6","0","8","9","9","93","93","0"
"32","disease_32","灰尘皮炎","Dust Dermatitis","HUMAN/B07/PET/MONSTER/NPC","4","0.7","0.07","1","2","4","0","4","5","6","93","93","0"
"33","disease_33","冻裂","Frost Crack","HUMAN/B07/PET/MONSTER/NPC","7","0.45","0.12","2","4","6","0","7","8","6","93","93","0"
"34","disease_34","热斑","Heat Rash","HUMAN/B07/PET/MONSTER/NPC","4","0.65","0.08","1","2","4","0","4","5","6","93","93","0"
"35","disease_35","生物膜炎","Biofilm Irritation","B07/MONSTER","8","0.35","0.13","2","4","7","0","8","9","9","93","93","0"
"36","disease_36","油污反应","Grease Rash","HUMAN/PET","5","0.55","0.09","1","3","4","0","5","6","6","100","100","0"
"37","disease_37","灰潮斑","Grey Tide Spotting","HUMAN/B07/PET/MONSTER/NPC","10","0.3","0.16","2","6","9","0","10","11","9","93","93","0"
"38","disease_38","药草接触反应","Herb Contact Reaction","HUMAN/B07/PET/MONSTER/NPC","3","0.8","0.05","1","2","3","0","3","3","3","93","93","0"
"39","disease_39","孢子皮炎","Spore Dermatitis","HUMAN/B07/PET/MONSTER/NPC","6","0.5","0.1","1","3","5","0","6","7","6","93","93","0"
"40","disease_40","干裂病","Dry-Skin Syndrome","HUMAN/B07/PET/MONSTER/NPC","5","0.6","0.07","1","3","4","0","5","5","6","93","93","0"
"41","disease_41","灰虱","Grey Lice","HUMAN/B07/PET/MONSTER/NPC","7","0.3","0.12","1","3","10","0.02","9","10","9","93","93","30"
"42","disease_42","废土螨","Wasteland Mites","HUMAN/B07/PET/MONSTER/NPC","8","0.3","0.13","1","4","10","0.025","10","11","9","93","93","0"
"43","disease_43","甲壳寄生虫","Shell Parasite","B07/MONSTER","10","0.25","0.14","2","5","9","0","10","12","9","93","93","30"
"44","disease_44","根菌孢子","Root Mold Exposure","HUMAN/B07/PET/MONSTER/NPC","9","0.35","0.12","2","4","8","0","9","10","9","93","93","0"
"45","disease_45","黑孢感染","Black Spore Infection","HUMAN/B07/PET/MONSTER/NPC","13","0.2","0.18","3","7","14","0.035","14","17","15","93","93","0"
"46","disease_46","肠道寄生虫","Gut Parasite","HUMAN/B07/PET/MONSTER/NPC","10","0.3","0.14","2","5","12","0.015","12","13","12","93","93","0"
"47","disease_47","血苔寄生","Blood Moss Parasite","HUMAN/B07/PET/MONSTER/NPC","15","0.18","0.19","3","7","12","0","14","16","12","93","93","0"
"48","disease_48","毛皮真菌","Fur Fungus","PET/MONSTER","9","0.4","0.1","1","4","12","0.03","11","11","9","93","93","0"
"49","disease_49","足部菌感染","Paw Fungus","HUMAN/B07/PET/MONSTER/NPC","8","0.45","0.09","1","4","9","0.015","10","11","9","93","93","0"
"50","disease_50","温室虫媒热","Greenhouse Vector Fever","HUMAN/B07/PET/MONSTER/NPC","9","0.4","0.12","2","4","10","0.02","11","11","9","93","93","0"
"51","disease_51","轻度污染症","Mild Contamination","HUMAN/B07/PET/MONSTER/NPC","6","0.4","0.12","1","3","5","0","5","6","6","90","89","0"
"52","disease_52","灰潮后反应","Post-Grey Reaction","HUMAN/B07/PET/MONSTER/NPC","10","0.3","0.14","2","5","8","0","10","11","9","84","88","0"
"53","disease_53","变异负荷","Mutation Strain","HUMAN/B07/PET/MONSTER/NPC","9","0.35","0.13","2","5","8","0","9","9","9","88","90","0"
"54","disease_54","组织不稳定","Tissue Instability","HUMAN/B07/PET/MONSTER/NPC","13","0.22","0.18","3","7","10","0","12","14","12","84","87","0"
"55","disease_55","代谢漂移","Metabolic Drift","HUMAN/B07/PET/MONSTER/NPC","8","0.45","0.1","1","4","7","0","8","9","9","89","89","0"
"56","disease_56","灰源性发热","Grey-Origin Fever","HUMAN/B07/PET/MONSTER/NPC","15","0.18","0.2","3","7","12","0","14","16","12","81","84","30"
"57","disease_57","荧光组织反应","Glow Tissue Reaction","HUMAN/B07/PET/MONSTER/NPC","7","0.5","0.09","1","3","6","0","7","8","6","90","89","0"
"58","disease_58","异常再生负荷","Regeneration Overload","HUMAN/B07/PET/MONSTER/NPC","12","0.28","0.16","2","6","9","0","11","13","12","84","86","0"
"59","disease_59","生物结构漂移","Morphic Drift","HUMAN/B07/PET/MONSTER/NPC","14","0.25","0.17","2","7","10","0","13","15","12","86","87","0"
"60","disease_60","灰潮记忆错乱","Grey Memory Distortion","HUMAN/B07/PET/MONSTER/NPC","16","0.25","0.12","1","7","12","0","15","17","15","87","87","0"
"61","disease_61","异常温度反应","Thermal Anomaly Syndrome","HUMAN/B07/PET/MONSTER/NPC","8","0.45","0.12","2","4","7","0","8","9","9","86","90","0"
"62","disease_62","细胞疲劳","Cellular Exhaustion","HUMAN/B07/PET/MONSTER/NPC","14","0.25","0.17","3","7","12","0","13","14","12","84","90","30"
"63","disease_63","污染性失眠","Contamination Insomnia","HUMAN/B07/PET/MONSTER/NPC","10","0.4","0.09","1","5","8","0","10","10","9","89","89","0"
"64","disease_64","灰潮食欲异常","Grey Appetite Shift","HUMAN/B07/PET/MONSTER/NPC","8","0.45","0.1","1","4","7","0","8","9","9","90","90","0"
"65","disease_65","变异疼痛","Mutation Pain","HUMAN/B07/PET/MONSTER/NPC","11","0.3","0.15","2","6","9","0","10","11","9","90","86","0"
"66","disease_66","热衰竭","Heat Exhaustion","HUMAN/B07/PET/MONSTER/NPC","5","0.25","0.18","3","4","5","0","5","6","6","93","93","30"
"67","disease_67","冷应激","Cold Stress","HUMAN/B07/PET/MONSTER/NPC","6","0.55","0.1","1","3","5","0","6","7","6","93","93","0"
"68","disease_68","暴雪疲劳","Blizzard Fatigue","HUMAN/B07/PET/MONSTER/NPC","7","0.55","0.09","1","4","6","0","7","7","6","93","93","0"
"69","disease_69","沙暴刺激","Sandstorm Irritation","HUMAN/B07/PET/MONSTER/NPC","4","0.7","0.06","1","2","3","0","4","4","3","93","93","0"
"70","disease_70","高湿疲劳","High-Humidity Stress","HUMAN/B07/PET/MONSTER/NPC","5","0.65","0.07","1","2","4","0","5","5","6","93","93","0"
"71","disease_71","干燥脱水","Dry-Air Dehydration","HUMAN/B07/PET/MONSTER/NPC","4","0.25","0.17","2","3","4","0","4","5","6","93","93","0"
"72","disease_72","长途疲劳","Long-Haul Fatigue","HUMAN/B07/PET/MONSTER/NPC","5","0.75","0.05","1","3","4","0","5","5","6","93","93","0"
"73","disease_73","晕车","Motion Stress","HUMAN/B07/PET/MONSTER/NPC","2","0.95","0.02","1","1","2","0","2","3","3","93","93","0"
"74","disease_74","光照紊乱","Light-Cycle Disorder","HUMAN/B07/PET/MONSTER/NPC","7","0.55","0.06","1","3","5","0","7","7","6","93","93","0"
"75","disease_75","地下生活综合征","Underground Fatigue","HUMAN/B07/PET/MONSTER/NPC","12","0.35","0.1","1","5","8","0","12","13","12","93","93","30"
"76","disease_76","警报惊跳","Alarm Startle Response","HUMAN/B07/PET/MONSTER/NPC","8","0.4","0.08","0","4","6","0","7","7","6","90","90","30"
"77","disease_77","门焦虑","Door Anxiety","HUMAN/B07/PET/MONSTER/NPC","18","0.25","0.12","0","7","12","0","16","17","15","90","90","30"
"78","disease_78","医疗恐惧","Medical Fear","HUMAN/B07/PET/MONSTER/NPC","15","0.3","0.1","0","6","10","0","14","15","12","90","90","30"
"79","disease_79","分离焦虑","Separation Anxiety","HUMAN/B07/PET/MONSTER/NPC","16","0.35","0.1","0","6","10","0","14","16","12","90","90","0"
"80","disease_80","过度警觉","Hypervigilance","HUMAN/B07/PET/MONSTER/NPC","20","0.25","0.11","0","7","12","0","18","19","15","90","88","0"
"81","disease_81","战斗后应激","Post-Combat Stress","HUMAN/B07/PET/MONSTER/NPC","24","0.2","0.13","0","7","14","0","21","22","18","90","86","0"
"82","disease_82","哀伤","Grief State","HUMAN/B07/PET/MONSTER/NPC","28","0.35","0.07","0","7","16","0","25","26","21","90","90","30"
"83","disease_83","睡眠紊乱","Sleep Disturbance","HUMAN/B07/PET/MONSTER/NPC","12","0.4","0.09","0","5","8","0","12","13","12","90","90","0"
"84","disease_84","身体异化","Body Alienation","B07/MONSTER","22","0.25","0.11","0","7","12","0","20","20","15","90","90","30"
"85","disease_85","身份困扰","Identity Distress","HUMAN/B07/PET/MONSTER/NPC","20","0.3","0.08","0","7","12","0","18","19","15","90","89","0"
"86","disease_86","封闭空间恐惧","Confinement Fear","HUMAN/B07/PET/MONSTER/NPC","18","0.3","0.11","0","6","10","0","16","18","15","90","90","0"
"87","disease_87","黑暗恐惧","Darkness Response","HUMAN/B07/PET/MONSTER/NPC","12","0.4","0.09","0","5","8","0","11","12","9","90","90","0"
"88","disease_88","食物控制焦虑","Feeding-Control Anxiety","HUMAN/B07/PET/MONSTER/NPC","18","0.3","0.1","0","6","10","0","16","18","15","90","90","30"
"89","disease_89","失控反应","Loss-of-Control Response","HUMAN/B07/PET/MONSTER/NPC","20","0.25","0.12","0","7","12","0","18","19","15","90","89","30"
"90","disease_90","家园丧失应激","Home-Loss Stress","HUMAN/B07/PET/MONSTER/NPC","26","0.3","0.1","0","7","16","0","23","24","18","90","83","0"